-- Seed data (generated)

insert into training_load (date, tss, ctl, atl, tsb, source) values
('2026-03-15', 59, 42.4, 42.7, 2, 'garmin'),
('2026-03-16', 0, 41.4, 36.6, -0.3, 'garmin'),
('2026-03-17', 36, 41.3, 36.5, 4.8, 'garmin'),
('2026-03-18', 44, 41.3, 37.6, 4.7, 'garmin'),
('2026-03-19', 36, 41.2, 37.4, 3.7, 'garmin'),
('2026-03-20', 48, 41.4, 38.9, 3.8, 'garmin'),
('2026-03-21', 105, 42.9, 48.3, 2.5, 'garmin'),
('2026-03-22', 71, 43.6, 51.6, -5.4, 'garmin'),
('2026-03-23', 0, 42.5, 44.2, -8, 'garmin'),
('2026-03-24', 36, 42.4, 43, -1.7, 'garmin'),
('2026-03-25', 48, 42.5, 43.7, -0.7, 'garmin'),
('2026-03-26', 45, 42.6, 43.9, -1.2, 'garmin'),
('2026-03-27', 44, 42.6, 43.9, -1.4, 'garmin'),
('2026-03-28', 92, 43.8, 50.8, -1.3, 'garmin'),
('2026-03-29', 67, 44.3, 53.1, -7, 'garmin'),
('2026-03-30', 0, 43.3, 45.5, -8.8, 'garmin'),
('2026-03-31', 37, 43.1, 44.3, -2.3, 'garmin'),
('2026-04-01', 44, 43.1, 44.3, -1.2, 'garmin'),
('2026-04-02', 49, 43.3, 44.9, -1.1, 'garmin'),
('2026-04-03', 46, 43.3, 45.1, -1.7, 'garmin'),
('2026-04-04', 102, 44.7, 53.2, -1.8, 'garmin'),
('2026-04-05', 45, 44.7, 52, -8.5, 'garmin'),
('2026-04-06', 0, 43.7, 44.6, -7.3, 'garmin'),
('2026-04-07', 19, 43.1, 41, -0.9, 'garmin'),
('2026-04-08', 31, 42.8, 39.5, 2.1, 'garmin'),
('2026-04-09', 22, 42.3, 37, 3.3, 'garmin'),
('2026-04-10', 32, 42.1, 36.3, 5.3, 'garmin'),
('2026-04-11', 61, 42.5, 39.8, 5.8, 'garmin'),
('2026-04-12', 59, 42.9, 42.6, 2.7, 'garmin'),
('2026-04-13', 0, 41.9, 36.5, 0.3, 'garmin'),
('2026-04-14', 47, 42, 38, 5.4, 'garmin'),
('2026-04-15', 60, 42.4, 41.1, 4, 'garmin'),
('2026-04-16', 52, 42.7, 42.7, 1.3, 'garmin'),
('2026-04-17', 57, 43, 44.7, 0, 'garmin'),
('2026-04-18', 109, 44.6, 53.9, -1.7, 'garmin'),
('2026-04-19', 63, 45, 55.2, -9.3, 'garmin'),
('2026-04-20', 0, 43.9, 47.3, -10.2, 'garmin'),
('2026-04-21', 40, 43.8, 46.3, -3.4, 'garmin'),
('2026-04-22', 53, 44.1, 47.2, -2.4, 'garmin'),
('2026-04-23', 40, 44, 46.2, -3.2, 'garmin'),
('2026-04-24', 59, 44.3, 48, -2.2, 'garmin'),
('2026-04-25', 107, 45.8, 56.5, -3.7, 'garmin'),
('2026-04-26', 70, 46.4, 58.4, -10.6, 'garmin'),
('2026-04-27', 0, 45.3, 50, -12, 'garmin'),
('2026-04-28', 56, 45.5, 50.9, -4.8, 'garmin'),
('2026-04-29', 59, 45.9, 52.1, -5.4, 'garmin'),
('2026-04-30', 52, 46, 52, -6.2, 'garmin'),
('2026-05-01', 54, 46.2, 52.3, -6, 'garmin'),
('2026-05-02', 125, 48.1, 62.7, -6.1, 'garmin'),
('2026-05-03', 52, 48.2, 61.2, -14.6, 'garmin'),
('2026-05-04', 0, 47, 52.4, -13, 'garmin'),
('2026-05-05', 32, 46.7, 49.5, -5.4, 'garmin'),
('2026-05-06', 37, 46.4, 47.7, -2.9, 'garmin'),
('2026-05-07', 23, 45.9, 44.2, -1.3, 'garmin'),
('2026-05-08', 35, 45.6, 42.9, 1.7, 'garmin'),
('2026-05-09', 60, 46, 45.3, 2.7, 'garmin'),
('2026-05-10', 66, 46.4, 48.3, 0.6, 'garmin'),
('2026-05-11', 0, 45.3, 41.4, -1.8, 'garmin'),
('2026-05-12', 54, 45.5, 43.2, 3.9, 'garmin'),
('2026-05-13', 58, 45.8, 45.3, 2.4, 'garmin'),
('2026-05-14', 56, 46.1, 46.8, 0.5, 'garmin'),
('2026-05-15', 57, 46.3, 48.3, -0.8, 'garmin'),
('2026-05-16', 109, 47.8, 57, -1.9, 'garmin'),
('2026-05-17', 85, 48.7, 61, -9.1, 'garmin'),
('2026-05-18', 0, 47.6, 52.3, -12.2, 'garmin'),
('2026-05-19', 58, 47.8, 53.1, -4.7, 'garmin'),
('2026-05-20', 52, 47.9, 52.9, -5.3, 'garmin'),
('2026-05-21', 38, 47.7, 50.8, -5, 'garmin'),
('2026-05-22', 55, 47.8, 51.4, -3.1, 'garmin'),
('2026-05-23', 112, 49.4, 60, -3.5, 'garmin'),
('2026-05-24', 85, 50.2, 63.6, -10.7, 'garmin'),
('2026-05-25', 0, 49, 54.5, -13.4, 'garmin'),
('2026-05-26', 57, 49.2, 54.9, -5.5, 'garmin'),
('2026-05-27', 59, 49.4, 55.5, -5.7, 'garmin'),
('2026-05-28', 64, 49.8, 56.7, -6, 'garmin'),
('2026-05-29', 58, 50, 56.9, -6.9, 'garmin'),
('2026-05-30', 141, 52.2, 68.9, -6.9, 'garmin'),
('2026-05-31', 59, 52.3, 67.5, -16.7, 'garmin'),
('2026-06-01', 0, 51.1, 57.8, -15.2, 'garmin'),
('2026-06-02', 27, 50.5, 53.4, -6.8, 'garmin'),
('2026-06-03', 36, 50.2, 50.9, -2.9, 'garmin'),
('2026-06-04', 23, 49.5, 47, -0.8, 'garmin'),
('2026-06-05', 34, 49.1, 45.1, 2.6, 'garmin'),
('2026-06-06', 84, 50, 50.7, 4, 'garmin'),
('2026-06-07', 96, 51.1, 57.1, -0.7, 'garmin'),
('2026-06-08', 0, 49.8, 49, -6.1, 'garmin'),
('2026-06-09', 60, 50.1, 50.5, 0.9, 'garmin'),
('2026-06-10', 65, 50.4, 52.6, -0.5, 'garmin'),
('2026-06-11', 49, 50.4, 52.1, -2.2, 'garmin'),
('2026-06-12', 61, 50.7, 53.4, -1.7, 'garmin'),
('2026-06-13', 131, 52.6, 64.5, -2.7, 'garmin'),
('2026-06-14', 98, 53.7, 69.3, -11.9, 'garmin'),
('2026-06-15', 0, 52.4, 59.4, -15.6, 'garmin'),
('2026-06-16', 48, 52.3, 57.7, -7, 'garmin'),
('2026-06-17', 66, 52.6, 58.9, -5.5, 'garmin'),
('2026-06-18', 45, 52.4, 56.9, -6.3, 'garmin'),
('2026-06-19', 71, 52.9, 58.9, -4.5, 'garmin'),
('2026-06-20', 131, 54.7, 69.2, -6.1, 'garmin'),
('2026-06-21', 76, 55.2, 70.2, -14.5, 'garmin'),
('2026-06-22', 0, 53.9, 60.2, -15, 'garmin'),
('2026-06-23', 58, 54, 59.9, -6.3, 'garmin'),
('2026-06-24', 81, 54.7, 62.9, -5.8, 'garmin'),
('2026-06-25', 52, 54.6, 61.3, -8.2, 'garmin'),
('2026-06-26', 69, 54.9, 62.4, -6.7, 'garmin'),
('2026-06-27', 149, 57.2, 74.8, -7.5, 'garmin'),
('2026-06-28', 52, 57.1, 71.5, -17.6, 'garmin'),
('2026-06-29', 0, 55.7, 61.3, -14.5, 'garmin'),
('2026-06-30', 29, 55.1, 56.7, -5.6, 'garmin'),
('2026-07-01', 46, 54.8, 55.2, -1.6, 'garmin'),
('2026-07-02', 41, 54.5, 53.1, -0.3, 'garmin'),
('2026-07-03', 45, 54.3, 52, 1.4, 'garmin'),
('2026-07-04', 96, 55.3, 58.3, 2.3, 'garmin')
on conflict (date) do nothing;

insert into phases (name, start_date, end_date, focus, color) values
('Base', '2026-05-01', '2026-07-31', 'Base aeróbia, técnica de nado e força', '#2dd4bf'),
('Build', '2026-08-01', '2026-09-27', 'Limiar e resistência específica de prova', '#c6f24e'),
('Peak', '2026-09-28', '2026-10-11', 'Intensidade de prova, afiamento', '#f4a24e'),
('Taper', '2026-10-12', '2026-10-24', 'Redução de volume, frescor', '#4fb8ff'),
('Race', '2026-10-25', '2026-10-25', 'Dia da prova — Costa Navarino', '#ff5f57');

insert into performance_milestones (date, metric, value, unit, notes) values
('2026-05-15', 'FTP', 232, 'W', 'Teste de rampa'),
('2026-06-20', 'FTP', 245, 'W', '20'' test — +13W'),
('2026-06-10', 'swim_pace_100m', 1.72, 'min/100m', 'Teste CSS 400/200'),
('2026-08-16', 'prova_prep', 0, 'Olímpico', 'Triatlo olímpico de preparação'),
('2026-09-13', 'run_pace_threshold', 4.33, 'min/km', 'Teste de limiar de corrida'),
('2026-10-04', 'prova_prep', 0, 'Meia maratona', 'Rehearsal de ritmo');

insert into performance_indicators (ftp_watts, bike_zones, run_pace_zones, swim_pace_per_100m, run_threshold_pace, cadence_run_target, hr_zones) values
(245, '{"Z1 Recuperação":[0,135],"Z2 Endurance":[136,183],"Z3 Tempo":[184,220],"Z4 Limiar":[221,257],"Z5 VO2":[258,306]}'::jsonb, '{"Z1 Fácil":"5:30–5:05","Z2 Endurance":"5:05–4:45","Z3 Tempo":"4:45–4:30","Z4 Limiar":"4:30–4:15","Z5 VO2":"4:15–3:55"}'::jsonb, '1:42', '4:20', 182, '{"Z1":[95,128],"Z2":[129,145],"Z3":[146,158],"Z4":[159,170],"Z5":[171,186]}'::jsonb);

insert into workouts (date, discipline, title, description, garmin_instructions, zwo_content, status, planned_duration_min, planned_tss, actual_tss, notes) values
('2026-06-29', 'swim', 'Natação — Técnica + CSS', 'Foco em rolamento e catch.

- 400m aquecimento variado
- 8x50m drills (pull buoy / catch-up)
- 6x100m no ritmo CSS c/ 15" descanso
- 200m solto', '1. Criar treino de natação em piscina (25m)
2. Aquecimento: 400m
3. Drill: 8 x 50m, descanso 20"
4. Principal: 6 x 100m @ CSS, descanso 15"
5. Volta à calma: 200m', NULL, 'done', 50, 45, 47, 'Senti o catch mais firme.'),
('2026-06-30', 'bike', 'Bike — Sweet Spot 3x12''', 'Bloco de sweet spot para construir resistência de limiar.

- 10'' aquecimento progressivo
- 3x12'' @ 88-93% FTP, 5'' fácil entre
- 8'' volta à calma', '1. Novo treino de ciclismo (por potência)
2. Aquecimento 10'' subindo até Z2
3. Repetir 3x: 12'' @ 220-230W, 5'' @ 130W
4. Volta à calma 8''', '<workout_file>
  <author>Coach Claude</author>
  <name>Bike — Sweet Spot 3x12''</name>
  <description>Aquecimento progressivo, 3x12'' em sweet spot (88-93% FTP) com 5'' fácil entre blocos.</description>
  <sportType>bike</sportType>
  <workout>
    <Warmup Duration="600" PowerLow="0.45" PowerHigh="0.7"/>
    <SteadyState Duration="720" Power="0.90"/>
    <SteadyState Duration="300" Power="0.55"/>
    <SteadyState Duration="720" Power="0.90"/>
    <SteadyState Duration="300" Power="0.55"/>
    <SteadyState Duration="720" Power="0.90"/>
    <Cooldown Duration="480" PowerLow="0.6" PowerHigh="0.4"/>
  </workout>
</workout_file>', 'done', 70, 78, 80, NULL),
('2026-07-01', 'run', 'Corrida — Intervalos de limiar', 'Trabalho de limiar aeróbio.

- 15'' fácil
- 5x1km @ pace de limiar (4:20/km) c/ 90" trote
- 10'' solto', '1. Novo treino de corrida
2. Aquecimento 15''
3. Repetir 5x: 1km @ 4:20/km, recuperação 90" trote
4. Volta à calma 10''', NULL, 'done', 55, 62, 58, 'Pace bom, FC controlada.'),
('2026-07-02', 'strength', 'Força — Membros inferiores + core', 'Circuito de força funcional.

- Agachamento 4x8
- Afundo búlgaro 3x10/perna
- Stiff 3x10
- Prancha 3x45"
- Elevação de panturrilha 3x15', 'Sessão livre — registrar como musculação no relógio.', NULL, 'done', 45, 25, 25, NULL),
('2026-07-03', 'swim', 'Natação — Resistência', 'Volume aeróbio contínuo.

- 300m aquecimento
- 3x400m ritmo constante c/ 30" descanso
- 100m solto', '1. Aquecimento 300m
2. 3 x 400m @ ritmo constante, 30" descanso
3. Solto 100m', NULL, 'planned', 50, 42, NULL, NULL),
('2026-07-04', 'bike', 'Bike longo — Endurance Z2', 'Rodagem longa aeróbia com blocos de cadência.

- 2h30 em Z2 estável
- 4x5'' em cadência alta (100+ rpm)
- Nutrição de prova: 60-80g CHO/h', '1. Treino por potência/FC
2. Manter 150-170W (Z2) por 2h30
3. A cada 30'': 5'' cadência 100+ rpm
4. Praticar hidratação e gel', NULL, 'planned', 150, 135, NULL, NULL),
('2026-07-05', 'run', 'Corrida longa — Progressiva', 'Longão progressivo terminando em ritmo de prova.

- 70'' começando fácil (5:10/km)
- Últimos 20'' @ ritmo de prova (4:45/km)', '1. Novo treino de corrida
2. 70'' @ 5:10/km
3. 20'' finais @ 4:45/km', NULL, 'planned', 90, 88, NULL, NULL);

insert into strength_sessions (date, muscle_groups, exercises, notes) values
('2026-07-03', ARRAY['quadriceps','glutes','hamstrings','core','calves']::text[], '[{"name":"Agachamento","sets":4,"reps":"8","load":"80kg"},{"name":"Afundo búlgaro","sets":3,"reps":"10/perna","load":"16kg"},{"name":"Stiff","sets":3,"reps":"10","load":"60kg"},{"name":"Panturrilha em pé","sets":3,"reps":"15","load":"corpo"}]'::jsonb, 'Boa ativação de glúteo.'),
('2026-06-30', ARRAY['core','shoulders','back']::text[], '[{"name":"Prancha","sets":3,"reps":"45\""},{"name":"Remada","sets":4,"reps":"10","load":"22kg"},{"name":"Desenvolvimento","sets":3,"reps":"12","load":"14kg"}]'::jsonb, NULL),
('2026-06-28', ARRAY['quadriceps','glutes','core']::text[], '[{"name":"Leg press","sets":4,"reps":"12","load":"160kg"}]'::jsonb, NULL);

insert into checkins (date, hrv, sleep_hours, readiness_score, body_battery, resting_hr, recommendation, notes) values
('2026-06-22', 58, 6.7, 94, 80, 50, 'green', NULL),
('2026-06-23', 69, 7.4, 61, 73, 51, 'yellow', NULL),
('2026-06-24', 65, 6.9, 84, 71, 47, 'green', NULL),
('2026-06-25', 68, 7.1, 74, 60, 53, 'yellow', NULL),
('2026-06-26', 64, 8.2, 59, 52, 47, 'yellow', NULL),
('2026-06-27', 66, 7.6, 84, 49, 52, 'green', NULL),
('2026-06-28', 72, 7.7, 81, 93, 50, 'green', NULL),
('2026-06-29', 82, 8.1, 52, 54, 48, 'red', NULL),
('2026-06-30', 69, 6.6, 54, 83, 49, 'red', NULL),
('2026-07-01', 69, 7.4, 93, 80, 51, 'green', NULL),
('2026-07-02', 67, 7.2, 56, 52, 52, 'red', NULL),
('2026-07-03', 66, 6.9, 78, 62, 46, 'green', NULL),
('2026-07-04', 76, 8.3, 75, 86, 51, 'green', 'Boa noite de sono, pronto para o longão.')
on conflict (date) do nothing;

insert into injury_log (date, area, severity, notes) values
('2026-06-30', 'left_knee', 2, 'Leve desconforto patelar após bike longa. Alongamento + fortalecimento VMO.'),
('2026-06-22', 'right_calf', 1, 'Rigidez na panturrilha, melhorou com liberação miofascial.'),
('2026-06-05', 'left_hip_sciatic', 3, 'Ciático irritado após corrida longa. Reduzido volume por 4 dias.');
